[{"id":"885cf761-e3ca-41a8-8f0b-311b2dbb350a","title":"I robot","author":"Isaac asimov","image":"https://images4.penguinrandomhouse.com/cover/9780553382563","description":"A science fiction book about artificial intelligence and robotics        "},{"id":"ebec79f7-4d80-42c0-8365-49a777030c9e","title":"Digital Fortress","author":"Dan Brown","image":"https://images-na.ssl-images-amazon.com/images/I/51-3r56wmOL._SX273_BO1,204,203,200_.jpg","description":"A techno thriller novel         "},{"id":"ab04719b-a395-4eab-bff2-bc46da298d49","title":"test","author":"test","image":"http://fazt.site:5000/img/encryption.jpg","description":"test        "}]